{"training_loss":
{"4_layers": [2428.9219277931825,
   1247.4362632584398,
   900.2336431350151,
   699.1765916364907,
   562.4031294105697,
   462.87874469617856,
   389.2424301648662,
   326.4594917854253,
   275.7793512553194],
  "6_layers": [2300.7435561131388,
   1238.2982624360245,
   882.4893836696652,
   677.9749012411075,
   536.5452234866846,
   438.4777680000249,
   363.85676560784776,
   302.071348983876,
   253.6088035750563],
  "8_layers": [2415.3197871298685,
   1207.1528334791642,
   862.6670105648736,
   665.4783442142236,
   526.4276428779547,
   429.1956049229977,
   352.0877935590535,
   295.6758093172616,
   248.76931765479762],
  "10_layers": [2639.0395574639315,
   1244.3977734642308,
   875.1835747043582,
   675.26131550587,
   535.2038513517728,
   435.1383010697191,
   360.5917179079822,
   302.07122025872667,
   256.49028430019854],
  "12_layers": [1412.5950790739407,
   338.0130685680974,
   212.1775088205825,
   148.98391426392715,
   109.71861853912799,
   88.11851149579904,
   70.45743768580638,
   58.147044341929636,
   50.74965469332507,
   43.115918201251624]},
  "validation_loss":
 {"4_layers": [4007.8051079644097,
   1507.7929916381836,
   1145.0836499532063,
   956.3667856852213,
   934.1286676194933,
   850.6008166207207,
   814.8410585191515,
   811.101235071818,
   809.7436263826158,
   827.1822728051079],
  "6_layers": [3854.041746351454,
   1611.843458387587,
   1181.3352173699272,
   1031.0235110388862,
   898.5911735958523,
   872.500891049703,
   856.0498098797268,
   810.3943648868137,
   797.5443724526299,
   865.9657501644558],
  "8_layers": [3970.259229871962,
   1690.1260774400498,
   1184.1550297207302,
   983.0425253974067,
   887.0420569313897,
   837.5794608857897,
   791.8702813254463,
   819.4010142220391,
   774.2803537580702,
   782.4146041870117],
  "10_layers": [4286.518966674805,
   1554.7338189019097,
   1123.5869017706978,
   1033.954096476237,
   915.5054211086697,
   911.5420797136095,
   847.7022516462538,
   872.8606286578708,
   839.7147403293186,
   793.2836764653524],
  "12_layers": [1233.9132219950359,
   561.106751230028,
   491.0812707477146,
   466.0976308186849,
   468.0172430674235,
   472.6831276151869,
   516.2833417256674,
   534.8237734900581,
   562.0400389565361,
   557.4958644443088,
   602.5337734222412]}}